{"i":1000,"val_loss_history":[1.8294957565225],"val_loss_history_it":[1000],"forward_backward_times":{},"opt":{"max_epochs":50,"checkpoint_every":1000,"batch_size":50,"memory_benchmark":0,"init_from":"","grad_clip":5,"model_type":"lstm","lr_decay_every":5,"print_every":1,"wordvec_size":64,"seq_length":50,"input_json":"data\/ShakspereZeev.json","num_layers":2,"input_h5":"data\/ShakspereZeev.h5","reset_iterations":1,"rnn_size":128,"dropout":0,"checkpoint_name":"cv\/checkpoint","batchnorm":0,"learning_rate":0.002,"speed_benchmark":0,"gpu_backend":"cuda","lr_decay_factor":0.5,"gpu":-1},"train_loss_history":[4.6889753341675,4.5916304588318,4.4507989883423,4.2322750091553,3.9789550304413,3.8226492404938,3.6842148303986,3.5551769733429,3.4331140518188,3.4541583061218,3.3770632743835,3.367372751236,3.3671078681946,3.4064843654633,3.3812851905823,3.4609639644623,3.3096871376038,3.4466481208801,3.3817663192749,3.4062449932098,3.2868583202362,3.2888188362122,3.3441879749298,3.2910399436951,3.2921929359436,3.3224956989288,3.313928604126,3.2949182987213,3.3369679450989,3.2284986972809,3.2902891635895,3.3186495304108,3.2929999828339,3.2414741516113,3.298463344574,3.1889460086823,3.2248904705048,3.2423646450043,3.303519487381,3.2884182929993,3.2350528240204,3.2697792053223,3.3279848098755,3.3121726512909,3.1743381023407,3.2057938575745,3.1786413192749,3.2043526172638,3.286025762558,3.2018184661865,3.1649715900421,3.1939222812653,3.189101934433,3.0569424629211,3.0834023952484,3.1232180595398,3.1061158180237,3.0188598632812,3.0437667369843,2.9840986728668,3.0425522327423,2.9902920722961,3.0265645980835,2.9979441165924,2.9402320384979,2.9403882026672,2.9160208702087,2.8784756660461,2.9443774223328,2.8760468959808,2.8802804946899,2.8492851257324,2.8273956775665,2.8103413581848,2.8582520484924,2.812358379364,2.8155333995819,2.7705130577087,2.7376713752747,2.7403695583344,2.7794017791748,2.7607161998749,2.7377395629883,2.716117143631,2.7317612171173,2.6857128143311,2.6925091743469,2.7118375301361,2.6490349769592,2.6765093803406,2.6582963466644,2.6341245174408,2.6417434215546,2.6363272666931,2.6307723522186,2.5818946361542,2.6108837127686,2.5760200023651,2.5997049808502,2.605320930481,2.5510957241058,2.5567629337311,2.5564494132996,2.5920181274414,2.5419392585754,2.5463004112244,2.540568113327,2.5108118057251,2.5252809524536,2.5248053073883,2.5052325725555,2.532436132431,2.4728956222534,2.5382518768311,2.4762051105499,2.4904601573944,2.4471015930176,2.4867010116577,2.4883201122284,2.4919714927673,2.4779715538025,2.4878599643707,2.4529843330383,2.4019603729248,2.4740264415741,2.4379415512085,2.4388904571533,2.4314546585083,2.3908512592316,2.4073204994202,2.3897030353546,2.4270384311676,2.4479036331177,2.3939692974091,2.3719108104706,2.3708899021149,2.4031047821045,2.4078195095062,2.3600397109985,2.3635981082916,2.3737726211548,2.3561089038849,2.3600747585297,2.4011042118073,2.354275226593,2.3983907699585,2.3415284156799,2.3553121089935,2.3298807144165,2.3028829097748,2.3610103130341,2.3235983848572,2.3575456142426,2.3634431362152,2.3592352867126,2.292200088501,2.3402781486511,2.2957210540771,2.2896938323975,2.269024848938,2.3202981948853,2.3245403766632,2.28928399086,2.3180587291718,2.2858576774597,2.3118624687195,2.2881982326508,2.2823307514191,2.3319852352142,2.2904951572418,2.3099443912506,2.2981441020966,2.2556102275848,2.2727742195129,2.2669975757599,2.2795598506927,2.2810473442078,2.2922441959381,2.2481560707092,2.2696659564972,2.2637002468109,2.2669842243195,2.2649123668671,2.3012268543243,2.2838659286499,2.2383081912994,2.2677199840546,2.2707092761993,2.2115223407745,2.2380669116974,2.242479801178,2.2298121452332,2.2459707260132,2.2615029811859,2.2289922237396,2.2393484115601,2.2729969024658,2.3040194511414,2.2719044685364,2.2092831134796,2.2035562992096,2.1888163089752,2.2199428081512,2.2364861965179,2.215802192688,2.2371408939362,2.2328145503998,2.2305130958557,2.2020947933197,2.1692261695862,2.1955034732819,2.2121405601501,2.2153077125549,2.198659658432,2.2206108570099,2.1900365352631,2.1820340156555,2.2080838680267,2.1960265636444,2.2054817676544,2.1849851608276,2.1705996990204,2.2018949985504,2.2076840400696,2.1613399982452,2.1768038272858,2.1623845100403,2.1898903846741,2.1803522109985,2.1976256370544,2.1572988033295,2.1457600593567,2.1332709789276,2.1941919326782,2.2089776992798,2.1342487335205,2.1516106128693,2.1443564891815,2.1645238399506,2.1591320037842,2.103898525238,2.1969521045685,2.1601917743683,2.1070718765259,2.1498322486877,2.1395516395569,2.1382973194122,2.1730048656464,2.162645816803,2.1391825675964,2.1693778038025,2.2040843963623,2.1566483974457,2.1230318546295,2.1515781879425,2.0926826000214,2.1142139434814,2.0989828109741,2.1224744319916,2.1579782962799,2.1682875156403,2.1011984348297,2.1164975166321,2.1115317344666,2.1494872570038,2.1381328105927,2.0952966213226,2.0972390174866,2.1017899513245,2.0851542949677,2.1458745002747,2.0867526531219,2.1126208305359,2.1054847240448,2.1025767326355,2.1266222000122,2.0989167690277,2.0973463058472,2.0808775424957,2.0634200572968,2.1635234355927,2.1500768661499,2.0919442176819,2.1332376003265,2.0982437133789,2.0711653232574,2.1025760173798,2.1169862747192,2.0806879997253,2.0677006244659,2.1252286434174,2.1080284118652,2.1022143363953,2.10791015625,2.0617485046387,2.1441948413849,2.1503369808197,2.1054649353027,2.0876469612122,2.1183786392212,2.1275854110718,2.0627422332764,2.1084668636322,2.0701594352722,2.0794961452484,2.0744376182556,2.1241312026978,2.1394472122192,2.0945374965668,2.0723142623901,2.0603513717651,2.0584452152252,2.0476236343384,2.1012151241302,2.0472087860107,2.0379295349121,2.0552508831024,2.0436511039734,2.0732841491699,2.0870082378387,2.0519902706146,2.0834286212921,2.0766260623932,2.0963327884674,2.042010307312,2.0211827754974,2.0470609664917,2.1029152870178,2.0573856830597,2.0530767440796,2.0588753223419,2.0582087039948,2.1016473770142,2.0523629188538,2.0430221557617,2.0603718757629,2.0121717453003,2.0013036727905,2.000403881073,2.0463364124298,2.0305640697479,2.0219211578369,2.0124816894531,1.9897441864014,2.0532310009003,2.0484354496002,2.0659170150757,2.0114543437958,2.0755393505096,2.0427176952362,2.010892868042,2.0560538768768,2.0439658164978,1.9981542825699,2.0770654678345,2.0200214385986,2.0380792617798,2.0144517421722,2.0445156097412,2.0216286182404,2.0395178794861,2.0091927051544,1.977799654007,1.9786502122879,2.0060684680939,2.0044455528259,1.9880582094193,2.0740275382996,1.9922347068787,2.0929689407349,2.0404727458954,1.9889820814133,2.083155632019,2.0462830066681,1.9919222593307,2.0015454292297,1.9828732013702,2.0460293292999,1.9662691354752,1.9976048469543,1.9099853038788,1.9738671779633,1.975502371788,1.9877327680588,1.9441576004028,2.0139510631561,1.9830099344254,1.995369553566,1.9953707456589,1.9899342060089,1.9543907642365,1.989280462265,1.956471323967,2.0492911338806,2.0093560218811,2.0152192115784,1.9885569810867,1.994602560997,1.979630112648,1.9783560037613,1.9606068134308,2.0181980133057,1.9907777309418,1.9808447360992,2.0418162345886,1.9966496229172,1.9336035251617,1.9345761537552,1.9675792455673,1.9372947216034,1.9193925857544,2.0045602321625,1.9425088167191,1.9820712804794,1.9565386772156,1.9735033512115,1.9440199136734,1.959156036377,1.9763804674149,1.9760574102402,1.9322570562363,2.0098626613617,1.9663083553314,1.981520652771,1.9484400749207,1.954906463623,1.9066586494446,1.9831771850586,1.928271651268,1.9816845655441,1.9323868751526,1.9722994565964,1.895255446434,1.9530781507492,1.9405859708786,1.9337009191513,1.9419343471527,1.9487035274506,1.9498091936111,1.953816652298,1.9335070848465,1.9652696847916,1.9515410661697,1.9851616621017,1.9593071937561,1.9554070234299,1.9242923259735,1.9358036518097,1.9377027750015,1.9291800260544,1.9160655736923,1.9320533275604,1.925906419754,1.9781476259232,1.9718647003174,1.9395558834076,1.9167779684067,1.9343849420547,1.91577064991,1.8690494298935,1.9504801034927,1.9193968772888,1.9302517175674,1.95296895504,