{"i":712,"val_loss_history":[3.2799592722546],"val_loss_history_it":[712],"forward_backward_times":{},"opt":{"max_epochs":2,"checkpoint_every":1000,"batch_size":50,"memory_benchmark":0,"init_from":"","grad_clip":5,"model_type":"lstm","lr_decay_every":5,"print_every":1,"wordvec_size":2,"seq_length":50,"input_json":"data\/abcdefghi.json","num_layers":2,"input_h5":"data\/abcdefghi.h5","reset_iterations":1,"rnn_size":2,"dropout":0,"checkpoint_name":"cv\/abcdefghi","batchnorm":0,"learning_rate":0.002,"speed_benchmark":0,"gpu_backend":"cuda","lr_decay_factor":0.5,"gpu":-1},"train_loss_history":[4.190625667572,4.1865258216858,4.1741471290588,4.1863069534302,4.1752128601074,4.1611971855164,4.163592338562,4.1512494087219,4.1494607925415,4.152271270752,4.1501121520996,4.1420769691467,4.1443824768066,4.1279158592224,4.1169934272766,4.1318941116333,4.1186318397522,4.1124548912048,4.1027736663818,4.1038131713867,4.1106042861938,4.0933756828308,4.0939478874207,4.1019806861877,4.097309589386,4.0918021202087,4.0914959907532,4.0821757316589,4.0792956352234,4.0701446533203,4.0658173561096,4.0731024742126,4.0570349693298,4.0560736656189,4.0441246032715,4.0518789291382,4.0423665046692,4.054838180542,4.0350484848022,4.042088508606,4.0268535614014,4.0387887954712,4.0346765518188,4.0253129005432,4.0271549224854,4.0234203338623,4.0050740242004,4.008828163147,4.0118885040283,3.9872984886169,3.9866304397583,3.9774429798126,3.9856796264648,3.9877018928528,3.9581999778748,3.9755053520203,3.9501898288727,3.9452188014984,3.9459714889526,3.9214165210724,3.9286253452301,3.9388058185577,3.9154276847839,3.9205765724182,3.8919813632965,3.9115946292877,3.8866794109344,3.8971991539001,3.8653726577759,3.8854153156281,3.8779933452606,3.8326070308685,3.8515012264252,3.8550312519073,3.8411164283752,3.821882724762,3.8375649452209,3.8300082683563,3.8399660587311,3.8237707614899,3.8158617019653,3.8124930858612,3.7759687900543,3.7956805229187,3.8056409358978,3.7866551876068,3.7959260940552,3.7970149517059,3.7592952251434,3.7747988700867,3.7610290050507,3.7443339824677,3.7425472736359,3.7573680877686,3.7472097873688,3.7510695457458,3.763151884079,3.7296261787415,3.7289061546326,3.7258760929108,3.7421245574951,3.7178022861481,3.7033386230469,3.7167160511017,3.6776187419891,3.6833090782166,3.6882500648499,3.6785559654236,3.6741247177124,3.6572949886322,3.6775901317596,3.68439412117,3.6792731285095,3.6656835079193,3.6597690582275,3.6732687950134,3.6625635623932,3.6543238162994,3.6223714351654,3.6161105632782,3.6224434375763,3.6225004196167,3.6368160247803,3.6359629631042,3.6359598636627,3.6174063682556,3.6156756877899,3.6234097480774,3.5864324569702,3.5987265110016,3.5832390785217,3.595899105072,3.6115086078644,3.5809953212738,3.5687186717987,3.6073851585388,3.6263418197632,3.5657455921173,3.589120388031,3.5719714164734,3.5964550971985,3.5760481357574,3.6034624576569,3.5731356143951,3.5409898757935,3.5561270713806,3.5593285560608,3.5649852752686,3.5479989051819,3.5482950210571,3.545517206192,3.5834648609161,3.5439949035645,3.5513105392456,3.5838875770569,3.5124776363373,3.5360765457153,3.5276618003845,3.5221269130707,3.5103807449341,3.5029249191284,3.4846034049988,3.5241184234619,3.4969217777252,3.4743518829346,3.523544549942,3.4741125106812,3.5015840530396,3.4620909690857,3.4744839668274,3.4299426078796,3.4597983360291,3.4568405151367,3.4516649246216,3.5035169124603,3.467696428299,3.5082721710205,3.4852230548859,3.4951910972595,3.4737370014191,3.4550843238831,3.4387028217316,3.4856379032135,3.5010089874268,3.3988366127014,3.4413933753967,3.4142270088196,3.4321839809418,3.4469981193542,3.4175789356232,3.4489538669586,3.4271609783173,3.4177196025848,3.4261445999146,3.4469192028046,3.4533922672272,3.4343678951263,3.4186952114105,3.3868026733398,3.4873940944672,3.4402902126312,3.4263210296631,3.404691696167,3.4651911258698,3.4227495193481,3.419823884964,3.4777109622955,3.4437401294708,3.4132285118103,3.4764273166656,3.4156980514526,3.4084429740906,3.4258663654327,3.4588453769684,3.4600067138672,3.4716203212738,3.4390828609467,3.4772129058838,3.4730606079102,3.4842574596405,3.4134223461151,3.423638343811,3.3826925754547,3.3887147903442,3.3790628910065,3.4415800571442,3.4110925197601,3.4310610294342,3.3595569133759,3.4003238677979,3.4019737243652,3.4655315876007,3.3626186847687,3.4019956588745,3.4067625999451,3.3863270282745,3.3921210765839,3.4530718326569,3.3715832233429,3.3690073490143,3.3882999420166,3.4315659999847,3.3511383533478,3.3739593029022,3.4047825336456,3.3624165058136,3.4045355319977,3.3721988201141,3.423401594162,3.3800976276398,3.3694458007812,3.3999741077423,3.373589515686,3.3893659114838,3.375036239624,3.3886499404907,3.4155175685883,3.3845221996307,3.3394730091095,3.375780582428,3.431708574295,3.3374321460724,3.3593051433563,3.3191499710083,3.3464159965515,3.3522410392761,3.3503246307373,3.4158761501312,3.4101586341858,3.3426051139832,3.4087514877319,3.3113288879395,3.3690745830536,3.3479156494141,3.4007785320282,3.3737394809723,3.369705915451,3.3671202659607,3.3713629245758,3.3758289813995,3.4098801612854,3.3872625827789,3.3505456447601,3.4111671447754,3.3399715423584,3.321212053299,3.3620734214783,3.3340334892273,3.3434159755707,3.370139837265,3.3653140068054,3.3386769294739,3.3021965026855,3.3922188282013,3.3115465641022,3.3406870365143,3.3217468261719,3.360823392868,3.367949962616,3.3093304634094,3.3588972091675,3.369256734848,3.3577065467834,3.3066344261169,3.3540995121002,3.2979276180267,3.3701319694519,3.3992059230804,3.343542098999,3.3568921089172,3.3594856262207,3.3468196392059,3.4269442558289,3.4122059345245,3.3719124794006,3.3805012702942,3.3221623897552,3.3678922653198,3.3467071056366,3.3842432498932,3.3615469932556,3.3834407329559,3.3202996253967,3.3658633232117,3.3750503063202,3.4005899429321,3.3464641571045,3.3534231185913,3.3692390918732,3.3674926757812,3.3902640342712,3.3057823181152,3.368789434433,3.3505027294159,3.3181622028351,3.3407542705536,3.3348546028137,3.3611698150635,3.3529605865479,3.2950074672699,3.3122961521149,3.3303258419037,3.3755090236664,3.354386806488,3.3295159339905,3.3289761543274,3.3164613246918,3.3345565795898,3.3985011577606,3.3290483951569,3.2689690589905,3.3411200046539,3.3302640914917,3.3239414691925,3.3609137535095,3.4117050170898,3.4296085834503,3.3563871383667,3.3311417102814,3.3626835346222,3.3408942222595,3.3585140705109,3.3360784053802,3.3807466030121,3.3318176269531,3.3699820041656,3.3730843067169,3.320006608963,3.3815116882324,3.3199203014374,3.3334879875183,3.3320479393005,3.3089456558228,3.3235538005829,3.2939312458038,3.3232831954956,3.3197586536407,3.3718156814575,3.3463542461395,3.3401234149933,3.3734836578369,3.3197531700134,3.3646426200867,3.341315984726,3.2971711158752,3.3565559387207,3.2954800128937,3.3350899219513,3.2634661197662,3.3223979473114,3.295458316803,3.3478312492371,3.3349585533142,3.3655550479889,3.3209421634674,3.2945969104767,3.2814793586731,3.321738243103,3.3571660518646,3.335266828537,3.3673973083496,3.3357079029083,3.3129069805145,3.3321793079376,3.3931264877319,3.3339092731476,3.2987098693848,3.3123905658722,3.3572905063629,3.3361301422119,3.2640905380249,3.3441531658173,3.2988579273224,3.3300387859344,3.3369762897491,3.2682263851166,3.3128628730774,3.3416569232941,3.2985253334045,3.307938337326,3.2966389656067,3.3416390419006,3.3034944534302,3.3477573394775,3.2611267566681,3.353538274765,3.3439426422119,3.2565588951111,3.2948784828186,3.3213183879852,3.3021678924561,3.2880430221558,3.3426852226257,3.2983140945435,3.3814699649811,3.3248569965363,3.3149573802948,3.3395941257477,3.2689323425293,3.3088955879211,3.3638019561768,3.3449172973633,3.3305757045746,3.3807277679443,3.3057503700256,3.3243980407715,3.3204984664917,3.3061077594757,3.293404340744,3.3507928848267,3.3317875862122,3.3354589939117,3.4066262245178,3.3288636207581,3.3316679000854,3.3270916938782,3.3686301708221,3.3278000354767,3.319678068161,3.3781867027283,3.2944886684418,3.2925956249237,3.3495893478394,3.301038980484,3.3056793212891,