{"i":1000,"val_loss_history":[1.6972393718633],"val_loss_history_it":[1000],"forward_backward_times":{},"opt":{"max_epochs":50,"checkpoint_every":1000,"batch_size":50,"memory_benchmark":0,"init_from":"","grad_clip":5,"model_type":"lstm","lr_decay_every":5,"print_every":1,"wordvec_size":64,"seq_length":50,"input_json":"my_data.json","num_layers":2,"input_h5":"my_data.h5","reset_iterations":1,"rnn_size":128,"dropout":0,"checkpoint_name":"cv\/checkpoint","batchnorm":0,"learning_rate":0.002,"speed_benchmark":0,"gpu_backend":"cuda","lr_decay_factor":0.5,"gpu":-1},"train_loss_history":[4.1885147094727,4.1020174026489,3.9852659702301,3.8456382751465,3.6755323410034,3.5583121776581,3.4520344734192,3.4552929401398,3.3663227558136,3.3888320922852,3.3822972774506,3.3130152225494,3.396285533905,3.3154046535492,3.3281579017639,3.3159627914429,3.2758510112762,3.2894649505615,3.2456378936768,3.2801558971405,3.26025390625,3.3045859336853,3.2761161327362,3.2552583217621,3.2812764644623,3.2121531963348,3.2407448291779,3.2185478210449,3.1569046974182,3.2018940448761,3.1474204063416,3.1573400497437,3.0864546298981,3.1181771755219,3.0840418338776,3.1361176967621,3.0883641242981,3.089376449585,3.0383684635162,3.0041325092316,2.9744462966919,2.9530253410339,2.9943206310272,2.9517209529877,2.9758143424988,2.9448826313019,2.9199550151825,2.9126789569855,2.9050168991089,2.8642637729645,2.828008890152,2.8256008625031,2.8354036808014,2.8183281421661,2.723032951355,2.7474412918091,2.7368018627167,2.7466647624969,2.7425675392151,2.7115876674652,2.711446762085,2.6601264476776,2.6463804244995,2.6741778850555,2.6226665973663,2.6397454738617,2.6317250728607,2.628080368042,2.6141300201416,2.6292419433594,2.6288638114929,2.546991109848,2.5301570892334,2.54971575737,2.5366280078888,2.5039794445038,2.538586139679,2.4800655841827,2.5584058761597,2.5013422966003,2.5094475746155,2.4986457824707,2.4848942756653,2.4895582199097,2.5045228004456,2.5043444633484,2.4349546432495,2.5084919929504,2.441556930542,2.446070432663,2.4430828094482,2.4514997005463,2.4027287960052,2.4198858737946,2.4379510879517,2.447249174118,2.4643883705139,2.3494167327881,2.3956315517426,2.4029674530029,2.4017403125763,2.3771080970764,2.3429706096649,2.3846213817596,2.3472938537598,2.3966374397278,2.3966269493103,2.299955368042,2.2958850860596,2.32475066185,2.3369328975677,2.3932452201843,2.3781356811523,2.3133592605591,2.3630011081696,2.3186731338501,2.4021532535553,2.2956986427307,2.3146350383759,2.290337562561,2.2947111129761,2.2853925228119,2.305771112442,2.3029174804688,2.3246071338654,2.295049905777,2.29736328125,2.2929632663727,2.261931180954,2.2557594776154,2.269056558609,2.2701313495636,2.2935605049133,2.2556114196777,2.2544567584991,2.2808756828308,2.279100894928,2.2425899505615,2.2592861652374,2.2395615577698,2.2740788459778,2.2585563659668,2.3256206512451,2.2715418338776,2.1980087757111,2.2640104293823,2.2101752758026,2.2557733058929,2.2509298324585,2.2376356124878,2.2275905609131,2.2414951324463,2.2203731536865,2.2406013011932,2.210967540741,2.2251758575439,2.2047548294067,2.1969211101532,2.2264440059662,2.2302057743073,2.224940776825,2.2302706241608,2.2137908935547,2.2090303897858,2.1435952186584,2.1906139850616,2.1663725376129,2.1807465553284,2.1684930324554,2.1567559242249,2.1881477832794,2.1580052375793,2.1971571445465,2.1891307830811,2.2189860343933,2.1988031864166,2.1600887775421,2.1544463634491,2.1886470317841,2.1429390907288,2.155309677124,2.1698703765869,2.1308941841125,2.1500906944275,2.1078906059265,2.1159629821777,2.1253910064697,2.1458175182343,2.120347738266,2.1569936275482,2.1529297828674,2.1432042121887,2.1552329063416,2.0882394313812,2.1232464313507,2.1035418510437,2.122935295105,2.103173494339,2.0605762004852,2.1217813491821,2.0777788162231,2.0767502784729,2.0737302303314,2.1729717254639,2.0774750709534,2.1339676380157,2.1428782939911,2.0626237392426,2.1019279956818,2.1250312328339,2.1001496315002,2.0522637367249,2.0619215965271,2.0569324493408,2.1029069423676,2.1310424804688,2.0796732902527,2.0688028335571,2.1370797157288,2.1452550888062,2.1096267700195,2.0169215202332,2.0714917182922,2.0509583950043,2.0574572086334,2.0660121440887,2.1324350833893,2.0904369354248,2.0429358482361,2.0634698867798,2.0429644584656,2.0766358375549,2.0171995162964,2.0587918758392,2.0550358295441,2.0405690670013,2.0332734584808,2.0330123901367,2.0163199901581,2.0500290393829,2.023933172226,2.0179538726807,2.0463111400604,1.9946662187576,2.0720772743225,2.0225296020508,2.0447432994843,2.0205354690552,2.0441217422485,2.0435590744019,2.0990483760834,2.0623877048492,2.0462448596954,2.0222454071045,2.0488827228546,2.0311670303345,2.0197930335999,2.0367231369019,2.0247821807861,2.0143959522247,2.008620262146,2.046094417572,2.0519421100616,1.9713529348373,2.0393893718719,1.9981058835983,1.9950488805771,2.013441324234,1.9999370574951,2.0225412845612,2.0077033042908,2.0180983543396,2.0362124443054,2.0062100887299,2.0220417976379,2.0031230449677,1.9905382394791,1.9954314231873,1.9794726371765,1.9818794727325,1.9634232521057,1.9759405851364,1.9619618654251,1.9969381093979,1.9776892662048,1.9964672327042,1.9820691347122,1.9702525138855,1.978432059288,1.9859046936035,1.9961016178131,1.9440296888351,1.9282538890839,1.9576791524887,1.9867794513702,1.9326236248016,1.9663456678391,1.9207754135132,2.0301551818848,1.9603679180145,1.9805890321732,1.9934904575348,1.9445705413818,1.9389636516571,2.0189983844757,1.9879893064499,1.9922406673431,1.9948856830597,1.9633975028992,1.9598759412766,1.9472361803055,1.9430387020111,1.9435839653015,1.9127054214478,1.9051742553711,1.9312587976456,1.9613238573074,1.9394652843475,1.946951508522,1.952155828476,1.9416390657425,1.9713685512543,1.9463049173355,1.9044593572617,1.9484574794769,1.9553782939911,1.9336984157562,1.9205471277237,1.9008771181107,1.9156405925751,1.9558622837067,1.9296633005142,1.9884693622589,1.9413728713989,1.9228852987289,1.9358847141266,1.9157674312592,1.9596703052521,1.8884828090668,1.9088624715805,1.9392557144165,1.9053636789322,1.8805490732193,1.9724380970001,1.8900526762009,1.9870005846024,1.8993116617203,1.9158511161804,1.9134474992752,1.8949837684631,1.9179534912109,1.8872964382172,1.8910086154938,1.9314870834351,1.8911808729172,1.9827853441238,1.9833867549896,1.8636245727539,1.9026720523834,1.8704154491425,1.9176946878433,1.8835982084274,1.9092195034027,1.8637986183167,1.8923767805099,1.8985469341278,1.8564701080322,1.8546179533005,1.872187256813,1.8858758211136,1.9352760314941,1.9390379190445,1.8847454786301,1.8743747472763,1.878791809082,1.8787291049957,1.8434137105942,1.8647800683975,1.839497089386,1.8170650005341,1.9119089841843,1.8307956457138,1.8513866662979,1.8169196844101,1.8436546325684,1.8631280660629,1.8749994039536,1.8799703121185,1.8541947603226,1.8745677471161,1.8205667734146,1.8876512050629,1.9026190042496,1.8735386133194,1.8421382904053,1.8474388122559,1.8511115312576,1.7895804643631,1.825739979744,1.8226187229156,1.8442101478577,1.8823125362396,1.8691173791885,1.8707070350647,1.8345518112183,1.836819767952,1.8074072599411,1.8458796739578,1.8414882421494,1.8254449367523,1.8171808719635,1.8065886497498,1.8466781377792,1.8270025253296,1.8218305110931,1.9040548801422,1.8773872852325,1.804958820343,1.8419742584229,1.8671470880508,1.8020330667496,1.827637553215,1.8337864875793,1.8508843183517,1.8624967336655,1.8718683719635,1.9015595912933,1.8817769289017,1.8384017944336,1.814644575119,1.877151966095,1.8443166017532,1.8283494710922,1.7760609388351,1.8311305046082,1.8458389043808,1.8495736122131,1.857143163681,1.8815606832504,1.8256496191025,1.8500018119812,1.8660221099854,1.7779085636139,1.8199325799942,1.8080849647522,1.810576915741,1.791095495224,1.8145191669464,1.8109769821167,1.7889294624329,1.8073252439499,1.8168097734451,1.7997763156891,1.7389433383942,1.771194934845,1.8230121135712,1.8041160106659,1.7704800367355,1.7525500059128,1.7514449357986,1.7908427715302,1.8156735897064,1.7962898015976,1.741717338562,1.7306326627731,1.7860455513,