{"i":356,"val_loss_history":[3.3545196814971],"val_loss_history_it":[356],"forward_backward_times":{},"opt":{"max_epochs":1,"checkpoint_every":1000,"batch_size":50,"memory_benchmark":0,"init_from":"","grad_clip":5,"model_type":"lstm","lr_decay_every":5,"print_every":1,"wordvec_size":2,"seq_length":50,"input_json":"data\/adsdasadsqwe.json","num_layers":2,"input_h5":"data\/adsdasadsqwe.h5","reset_iterations":1,"rnn_size":2,"dropout":0,"checkpoint_name":"cv\/checkpoint","batchnorm":0,"learning_rate":0.002,"speed_benchmark":0,"gpu_backend":"cuda","lr_decay_factor":0.5,"gpu":-1},"train_loss_history":[4.2652978897095,4.2626156806946,4.2715907096863,4.258020401001,4.2460565567017,4.2511701583862,4.2518424987793,4.2417516708374,4.2438864707947,4.2385201454163,4.2372260093689,4.2348165512085,4.2365536689758,4.2319116592407,4.2408766746521,4.2285900115967,4.2300143241882,4.2360138893127,4.2172389030457,4.2111067771912,4.2172918319702,4.2185826301575,4.2065382003784,4.2083458900452,4.195059299469,4.1969079971313,4.1904802322388,4.1962699890137,4.1868863105774,4.1947650909424,4.182466506958,4.182225227356,4.1729521751404,4.1818995475769,4.1760506629944,4.1762776374817,4.1723818778992,4.1656584739685,4.1630816459656,4.1635012626648,4.1539621353149,4.1489129066467,4.1467514038086,4.1455497741699,4.131694316864,4.1434011459351,4.1378841400146,4.1330080032349,4.1257343292236,4.1269345283508,4.1182374954224,4.1120209693909,4.1118702888489,4.1016592979431,4.0960001945496,4.0905814170837,4.0863013267517,4.1018433570862,4.0904474258423,4.0651679039001,4.0554795265198,4.0618162155151,4.0571856498718,4.0479612350464,4.0442543029785,4.0379304885864,4.0316786766052,4.0380163192749,4.0025925636292,4.0278091430664,4.0132322311401,3.9992730617523,4.0002264976501,3.9914214611053,3.9818706512451,3.9784579277039,3.9838409423828,3.9711639881134,3.9839277267456,3.960036277771,3.9439921379089,3.9500331878662,3.9307277202606,3.9245965480804,3.9463043212891,3.9128217697144,3.9233202934265,3.9210813045502,3.8824293613434,3.8949258327484,3.8880522251129,3.8726937770844,3.8682100772858,3.8755984306335,3.8515980243683,3.8451421260834,3.873162984848,3.8484601974487,3.8416078090668,3.8255202770233,3.8490128517151,3.8313875198364,3.8157074451447,3.8228831291199,3.7814612388611,3.783980846405,3.7917559146881,3.7830543518066,3.7748422622681,3.7560422420502,3.7828629016876,3.7583882808685,3.757399559021,3.7506327629089,3.7432777881622,3.7667551040649,3.7520983219147,3.738374710083,3.7104616165161,3.6983821392059,3.7118637561798,3.7099063396454,3.7215664386749,3.7117512226105,3.7182600498199,3.6931972503662,3.6999590396881,3.6991636753082,3.6505351066589,3.6758313179016,3.6655614376068,3.6707987785339,3.6761543750763,3.6571292877197,3.6556823253632,3.6746668815613,3.6799964904785,3.6394436359406,3.6635835170746,3.6295096874237,3.6583120822906,3.6469438076019,3.6582632064819,3.6260929107666,3.5953660011292,3.6347453594208,3.6130268573761,3.6295993328094,3.6120750904083,3.6247308254242,3.6070096492767,3.6383786201477,3.6109297275543,3.6105291843414,3.648056268692,3.5742149353027,3.5885784626007,3.6001436710358,3.5793764591217,3.5694196224213,3.5557477474213,3.5643086433411,3.5857992172241,3.558721780777,3.5454378128052,3.588819026947,3.5433614253998,3.5639073848724,3.5145530700684,3.5387895107269,3.4906692504883,3.5160772800446,3.5070340633392,3.5189347267151,3.5502631664276,3.5301222801208,3.545759677887,3.5395691394806,3.5496039390564,3.5188338756561,3.5168097019196,3.5005028247833,3.5384364128113,3.5481953620911,3.4568762779236,3.4961061477661,3.4660930633545,3.4869248867035,3.500684261322,3.483140707016,3.4944727420807,3.4820437431335,3.4670948982239,3.4760282039642,3.496018409729,3.4977433681488,3.4871389865875,3.4715578556061,3.436051607132,3.5245718955994,3.4878015518188,3.4728620052338,3.4506816864014,3.5072906017303,3.4728035926819,3.4649515151978,3.5105321407318,3.4858448505402,3.449492931366,3.5182874202728,3.4585182666779,3.4558613300323,3.4747869968414,3.5014507770538,3.5011012554169,3.509729385376,3.4728252887726,3.5094926357269,3.500611782074,3.5141184329987,3.4527785778046,3.4659192562103,3.4281692504883,3.4310622215271,3.4157309532166,3.4815285205841,3.4581356048584,3.4669010639191,3.4079902172089,3.434149980545,3.4418432712555,3.4950323104858,3.4055581092834,3.4420511722565,3.4459648132324,3.4238178730011,3.4277210235596,3.4867913722992,3.4080080986023,3.4146366119385,3.4275403022766,3.4726414680481,3.3922965526581,3.4056484699249,3.4423413276672,3.4075362682343,3.4439334869385,3.4085612297058,3.4618186950684,3.41668009758,3.4038991928101,3.4334323406219,3.4086852073669,3.4283921718597,3.405877828598,3.4234273433685,3.4484393596649,3.4147570133209,3.3784999847412,3.4114816188812,3.4567921161652,3.3783102035522,3.3924074172974,3.3589882850647,3.3775663375854,3.3926913738251,3.3840098381042,3.4490840435028,3.4396164417267,3.3820586204529,3.4410622119904,3.349937915802,3.403662443161,3.3838717937469,3.4328925609589,3.4018518924713,3.396821975708,3.3982784748077,3.3971984386444,3.4017488956451,3.4351637363434,3.4139592647552,3.3793714046478,3.4418675899506,3.3680777549744,3.3545398712158,3.3943536281586,3.3638522624969,3.3664054870605,3.3939871788025,3.3919637203217,3.3656437397003,3.326308965683,3.4235680103302,3.3427484035492,3.3634297847748,3.3517663478851,3.3787667751312,3.3964171409607,3.3368639945984,3.3826706409454,3.3904798030853,3.3810992240906,3.3371374607086,3.3733930587769,3.3265085220337,3.3864207267761,3.4186253547668,3.363977432251,3.3764684200287,3.3822298049927,3.3708856105804,3.4461989402771,3.4305293560028,3.3927989006042,3.4011487960815,3.3510766029358,3.3890800476074,3.3663938045502,3.4061253070831,3.3809316158295,3.4023830890656,3.3411464691162,3.3874351978302,3.3966000080109,3.4183938503265,3.3649804592133,3.3753597736359,3.3887479305267,3.3855996131897,3.4058344364166,3.3275129795074,3.3764488697052,3.371817111969,3.3368437290192,3.3585629463196,3.3450284004211,3.3783104419708,3.3684639930725,3.3108851909637,3.3333497047424,3.3440523147583,3.3935823440552,3.3735282421112,3.3499426841736,3.3489346504211,3.3324003219604,3.352080821991,3.4177105426788,3.346960067749,3.2905559539795,3.3604514598846,3.3399062156677,3.3403015136719,3.3802819252014,3.4099898338318],"memory_usage":{}}