{"i":712,"val_loss_history":[3.2042426250198],"val_loss_history_it":[712],"forward_backward_times":{},"opt":{"max_epochs":2,"checkpoint_every":1000,"batch_size":50,"memory_benchmark":0,"init_from":"","grad_clip":5,"model_type":"lstm","lr_decay_every":5,"print_every":1,"wordvec_size":2,"seq_length":50,"input_json":"data\/jjuuuyy.json","num_layers":2,"input_h5":"data\/jjuuuyy.h5","reset_iterations":1,"rnn_size":2,"dropout":0,"checkpoint_name":"cv\/checkpoint","batchnorm":0,"learning_rate":0.002,"speed_benchmark":0,"gpu_backend":"cuda","lr_decay_factor":0.5,"gpu":-1},"train_loss_history":[4.0767149925232,4.0739259719849,4.0621252059937,4.0617346763611,4.0554647445679,4.0632433891296,4.0516338348389,4.0390076637268,4.0433983802795,4.0432162284851,4.0467581748962,4.0243158340454,4.0477366447449,4.0187501907349,4.0262155532837,4.0074248313904,4.0094003677368,4.0101728439331,4.0018448829651,4.0004687309265,3.9915969371796,3.9998030662537,3.9916687011719,3.9871304035187,3.9937760829926,3.9708206653595,3.9753522872925,3.9725339412689,3.9545202255249,3.9577338695526,3.9533545970917,3.9574706554413,3.9266293048859,3.9368495941162,3.9153797626495,3.9275953769684,3.92551612854,3.9284613132477,3.9029698371887,3.8822104930878,3.8900291919708,3.8862237930298,3.8865647315979,3.870772600174,3.8706297874451,3.875173330307,3.8537034988403,3.8502886295319,3.8673918247223,3.8275125026703,3.8123378753662,3.8128554821014,3.8282234668732,3.7929248809814,3.7674601078033,3.7853565216064,3.7689700126648,3.7730298042297,3.7727234363556,3.735289812088,3.738165140152,3.7490112781525,3.728401184082,3.7125926017761,3.697126865387,3.7388761043549,3.7140851020813,3.7250723838806,3.6767280101776,3.7170488834381,3.6931183338165,3.6575882434845,3.6803448200226,3.6807067394257,3.6510741710663,3.6638000011444,3.6760854721069,3.6461796760559,3.688291311264,3.6484725475311,3.6335444450378,3.6667754650116,3.60710978508,3.6267762184143,3.6495199203491,3.6341698169708,3.6279258728027,3.6480324268341,3.6146838665009,3.6148445606232,3.6053915023804,3.5856094360352,3.5804300308228,3.6105644702911,3.6023457050323,3.5815522670746,3.6329770088196,3.5840046405792,3.5827815532684,3.5755324363708,3.6087098121643,3.5700941085815,3.5579617023468,3.5924737453461,3.5372881889343,3.5490550994873,3.5732929706573,3.5397338867188,3.5306239128113,3.5105881690979,3.5421578884125,3.5492308139801,3.5360531806946,3.5312914848328,3.5317854881287,3.5575332641602,3.5387296676636,3.5393116474152,3.4911258220673,3.4747257232666,3.5094051361084,3.4875421524048,3.5175793170929,3.5141716003418,3.5232815742493,3.4974272251129,3.5174124240875,3.4983675479889,3.445595741272,3.4761304855347,3.4688086509705,3.4870281219482,3.5015542507172,3.4754617214203,3.463280916214,3.4927670955658,3.5301761627197,3.4565784931183,3.4924793243408,3.4594628810883,3.4957132339478,3.4779238700867,3.5055735111237,3.4809455871582,3.4320847988129,3.4666635990143,3.4586617946625,3.4658105373383,3.4462809562683,3.4484117031097,3.4617347717285,3.5019268989563,3.46013712883,3.4651489257812,3.5083963871002,3.4286925792694,3.4429285526276,3.4504914283752,3.428108215332,3.429616689682,3.4136934280396,3.4117660522461,3.4489488601685,3.3978304862976,3.396585226059,3.4445297718048,3.3995866775513,3.4291105270386,3.3779323101044,3.4055559635162,3.3422067165375,3.3663847446442,3.3744957447052,3.3810820579529,3.4336385726929,3.4034109115601,3.4388358592987,3.4176948070526,3.4365758895874,3.4132809638977,3.3879051208496,3.3710398674011,3.4299376010895,3.4394543170929,3.3308522701263,3.3858172893524,3.347496509552,3.3834273815155,3.3792946338654,3.3635773658752,3.3948934078217,3.3757858276367,3.3559749126434,3.3636741638184,3.3921120166779,3.3905878067017,3.3862414360046,3.3692734241486,3.3278770446777,3.4313266277313,3.3906598091125,3.3754632472992,3.3510644435883,3.4139475822449,3.3786559104919,3.3672096729279,3.4293785095215,3.3900234699249,3.3640203475952,3.4306042194366,3.3728637695312,3.3619627952576,3.3779890537262,3.41969871521,3.4169433116913,3.4366934299469,3.4015176296234,3.4380116462708,3.433694601059,3.4461495876312,3.3750782012939,3.3795571327209,3.3386702537537,3.3523201942444,3.3396637439728,3.4040336608887,3.3808264732361,3.3981640338898,3.3220067024231,3.3642933368683,3.3702383041382,3.4366827011108,3.3264660835266,3.3652210235596,3.3719985485077,3.3505461215973,3.3503632545471,3.4311225414276,3.3336870670319,3.3408319950104,3.3506999015808,3.4002506732941,3.3210475444794,3.3358933925629,3.3777918815613,3.3273379802704,3.3773295879364,3.338791847229,3.3956110477448,3.3554515838623,3.3394954204559,3.3762612342834,3.3422520160675,3.3607578277588,3.3440601825714,3.3614528179169,3.3939633369446,3.3645997047424,3.3067135810852,3.3539237976074,3.4086277484894,3.3141632080078,3.3378164768219,3.2940328121185,3.3185441493988,3.3322191238403,3.3279707431793,3.3979878425598,3.3911430835724,3.3228425979614,3.3863823413849,3.2885422706604,3.3455262184143,3.3261919021606,3.382125377655,3.3557183742523,3.3484454154968,3.3497428894043,3.3482773303986,3.3520097732544,3.3893179893494,3.3635187149048,3.3312664031982,3.3923852443695,3.3183648586273,3.3025476932526,3.3454356193542,3.3113770484924,3.3215124607086,3.3539261817932,3.3385274410248,3.3131582736969,3.2798292636871,3.3602018356323,3.293505191803,3.3134155273438,3.2991788387299,3.3352313041687,3.3504838943481,3.2715718746185,3.3411231040955,3.3433926105499,3.336653470993,3.2880594730377,3.3362472057343,3.2810008525848,3.3482944965363,3.3773324489594,3.3163774013519,3.3341782093048,3.3278739452362,3.3234374523163,3.393547296524,3.3748006820679,3.3507075309753,3.3631455898285,3.3038551807404,3.3444101810455,3.3188729286194,3.366881608963,3.3331792354584,3.3580057621002,3.2984180450439,3.3390648365021,3.3487784862518,3.374077796936,3.3232991695404,3.3293213844299,3.3471968173981,3.3388547897339,3.3624422550201,3.2858581542969,3.3447706699371,3.3273801803589,3.2933750152588,3.3141448497772,3.3099992275238,3.3460621833801,3.323899269104,3.2721803188324,3.2901389598846,3.3067305088043,3.3471391201019,3.3275020122528,3.3025257587433,3.3007960319519,3.2913539409637,3.3019397258759,3.3684823513031,3.2923989295959,3.2517926692963,3.309609413147,3.2981648445129,3.3025686740875,3.3316476345062,3.3575086593628,3.3893632888794,3.322297334671,3.2956347465515,3.3246200084686,3.3035860061646,3.3216359615326,3.3088746070862,3.3489668369293,3.3022265434265,3.3259477615356,3.3357570171356,3.2832436561584,3.3422479629517,3.2822816371918,3.2992324829102,3.2983593940735,3.2810366153717,3.2871754169464,3.2643039226532,3.291543006897,3.2803664207458,3.3308515548706,3.3055152893066,3.306688785553,3.3374230861664,3.2826461791992,3.3217952251434,3.3090479373932,3.2626540660858,3.310129404068,3.2647039890289,3.2881796360016,3.2339496612549,3.2861273288727,3.2585077285767,3.3112890720367,3.2941012382507,3.3206832408905,3.2843749523163,3.2541003227234,3.2500944137573,3.2769203186035,3.3064386844635,3.2924363613129,3.3132855892181,3.2929828166962,3.2788062095642,3.2898914813995,3.3361132144928,3.2815742492676,3.2614412307739,3.2734813690186,3.3067042827606,3.2908051013947,3.2249233722687,3.2865965366364,3.2557723522186,3.2836890220642,3.2970201969147,3.2459299564362,3.2686123847961,3.2855801582336,3.2528796195984,3.2625961303711,3.2523753643036,3.2925221920013,3.2624258995056,3.2997245788574,3.235116481781,3.3017687797546,3.2971956729889,3.2235245704651,3.2553770542145,3.2803375720978,3.2607600688934,3.2538092136383,3.2912039756775,3.2555294036865,3.327300786972,3.2726929187775,3.2694001197815,3.2950196266174,3.2355716228485,3.2569208145142,3.3148925304413,3.3045527935028,3.2824149131775,3.3142535686493,3.265876531601,3.2739720344543,3.2724981307983,3.2690160274506,3.2404046058655,3.2855184078217,3.2813894748688,3.2851946353912,3.3276102542877,3.2828471660614,3.2881469726562,3.2777297496796,3.3022994995117,3.2653625011444,3.2641525268555,3.3159101009369,3.2530908584595,3.2392385005951,3.2914776802063,3.2458803653717,3.2496137619019,