{"i":1000,"val_loss_history":[1.7320587156362],"val_loss_history_it":[1000],"forward_backward_times":{},"opt":{"max_epochs":20,"checkpoint_every":1000,"batch_size":50,"memory_benchmark":0,"init_from":"","grad_clip":5,"model_type":"lstm","lr_decay_every":5,"print_every":1,"wordvec_size":64,"seq_length":50,"input_json":"data\/big.json","num_layers":2,"input_h5":"data\/big.h5","reset_iterations":1,"rnn_size":128,"dropout":0,"checkpoint_name":"cv\/checkpoint","batchnorm":0,"learning_rate":0.002,"speed_benchmark":0,"gpu_backend":"cuda","lr_decay_factor":0.5,"gpu":-1},"train_loss_history":[4.5351638793945,4.3944711685181,4.2006821632385,3.9518413543701,3.7783825397491,3.5944647789001,3.4819598197937,3.3504383563995,3.2680697441101,3.2289431095123,3.2164435386658,3.1489176750183,3.1096217632294,3.1412217617035,3.1508693695068,3.1600487232208,3.1853203773499,3.139762878418,3.0887701511383,3.192761182785,3.1250517368317,3.1573264598846,3.1449537277222,3.1965217590332,3.184885263443,3.1584644317627,3.1489276885986,3.1659998893738,3.1680481433868,3.130322933197,3.1120746135712,3.1590483188629,3.1293611526489,3.1119921207428,3.1253018379211,3.0889551639557,3.1209046840668,3.1487536430359,3.1122779846191,3.0387692451477,3.0642549991608,3.0515847206116,3.052344083786,3.0722618103027,3.0812046527863,3.0514690876007,2.9960963726044,2.9795787334442,3.0159506797791,2.9843983650208,3.1022725105286,2.9538526535034,2.9901347160339,2.9751036167145,2.9113214015961,2.9117634296417,2.8981869220734,2.893429517746,2.8516619205475,2.8782396316528,2.8887112140656,2.9121072292328,2.8266017436981,2.9024696350098,2.8033921718597,2.8187532424927,2.7956738471985,2.8049907684326,2.7618072032928,2.828809261322,2.7223854064941,2.7506854534149,2.718022108078,2.7183637619019,2.7253866195679,2.7756862640381,2.7761170864105,2.6841158866882,2.7244226932526,2.7728822231293,2.6529729366302,2.7158558368683,2.6881606578827,2.6556499004364,2.6702258586884,2.5868139266968,2.6624977588654,2.6648046970367,2.7116887569427,2.7251818180084,2.6786904335022,2.656715631485,2.5927314758301,2.565083026886,2.5754044055939,2.7286002635956,2.6003694534302,2.569048166275,2.5192816257477,2.6212537288666,2.6344559192657,2.514301776886,2.5189969539642,2.56178855896,2.5716366767883,2.6294965744019,2.5743720531464,2.566725730896,2.4783592224121,2.5351006984711,2.4869515895844,2.4959433078766,2.6182634830475,2.6078028678894,2.5538218021393,2.5866630077362,2.597273349762,2.5675404071808,2.5576293468475,2.5241458415985,2.5305981636047,2.5318756103516,2.5021395683289,2.4846222400665,2.4794557094574,2.4425013065338,2.5247821807861,2.4514207839966,2.4720003604889,2.3930580615997,2.4809596538544,2.4242105484009,2.4253058433533,2.4397730827332,2.4251115322113,2.4389188289642,2.4569554328918,2.423045873642,2.482421875,2.4823188781738,2.4850716590881,2.5199692249298,2.508599281311,2.4277477264404,2.3476192951202,2.4508769512177,2.3715031147003,2.4373381137848,2.4890692234039,2.4461274147034,2.4217157363892,2.3965587615967,2.3661668300629,2.4314105510712,2.3831732273102,2.4172666072845,2.4725136756897,2.3406035900116,2.4029822349548,2.3887774944305,2.3262042999268,2.431343793869,2.4009282588959,2.3824119567871,2.3967936038971,2.3970596790314,2.3440184593201,2.3190596103668,2.3483324050903,2.3876893520355,2.3384399414062,2.3794093132019,2.3113763332367,2.3696649074554,2.3667209148407,2.3876075744629,2.3852503299713,2.3462784290314,2.3391461372375,2.3108217716217,2.3374722003937,2.3156344890594,2.3253910541534,2.3067405223846,2.3531317710876,2.3037753105164,2.3650903701782,2.3038098812103,2.2989187240601,2.3167495727539,2.3140258789062,2.3662168979645,2.337913274765,2.2605581283569,2.3506143093109,2.3158168792725,2.2754783630371,2.326434135437,2.2763636112213,2.2735280990601,2.3123784065247,2.2769348621368,2.3045055866241,2.2400665283203,2.2879362106323,2.2796714305878,2.2549650669098,2.2900409698486,2.2581830024719,2.2317569255829,2.2446162700653,2.1933352947235,2.2230496406555,2.2294602394104,2.2772958278656,2.1836090087891,2.3149271011353,2.2335827350616,2.282963514328,2.2312314510345,2.2870030403137,2.2585246562958,2.2422013282776,2.2492437362671,2.2543413639069,2.2110643386841,2.274845123291,2.2340903282166,2.2347590923309,2.2005286216736,2.2180252075195,2.2165040969849,2.2432091236115,2.2218768596649,2.2004714012146,2.1562592983246,2.205780506134,2.2442705631256,2.2014181613922,2.1559820175171,2.206353187561,2.2494902610779,2.2045373916626,2.1632931232452,2.1824808120728,2.1680300235748,2.1868102550507,2.2058751583099,2.1666610240936,2.2146360874176,2.1423933506012,2.1659240722656,2.175457239151,2.2073361873627,2.1580300331116,2.2407450675964,2.1963620185852,2.1711723804474,2.1740517616272,2.1499507427216,2.1674218177795,2.1342077255249,2.1501500606537,2.1446437835693,2.1449639797211,2.1685264110565,2.1108903884888,2.243007183075,2.2026319503784,2.1345684528351,2.1643645763397,2.1695621013641,2.1992280483246,2.2062952518463,2.1258702278137,2.1372463703156,2.0998084545135,2.1341683864594,2.1730308532715,2.1420681476593,2.1723566055298,2.1211786270142,2.220710515976,2.193610906601,2.1845924854279,2.146687746048,2.1646020412445,2.1621062755585,2.1437528133392,2.1711528301239,2.1228561401367,2.1968493461609,2.0943865776062,2.0940625667572,2.1070795059204,2.1332523822784,2.0712850093842,2.1965124607086,2.1273448467255,2.0689256191254,2.1005735397339,2.0847516059875,2.0955233573914,2.1614339351654,2.0307595729828,2.0951941013336,2.0984456539154,2.0608510971069,2.0775730609894,2.0804963111877,2.100816488266,2.0753750801086,2.0849854946136,2.1276834011078,2.1073806285858,2.0230014324188,2.0321266651154,2.0791482925415,2.0501861572266,2.0358939170837,2.0751662254333,2.0807094573975,2.0273685455322,2.0869290828705,2.1068120002747,2.1036596298218,2.0717797279358,2.135573387146,2.0832288265228,2.1466646194458,2.0068686008453,2.0725607872009,2.1132144927979,2.087078332901,2.020364522934,2.1438326835632,2.0530045032501,2.0364174842834,2.0666813850403,2.0466270446777,2.0451967716217,2.056093454361,2.0557227134705,2.0659961700439,2.0620381832123,2.1146817207336,2.1033914089203,2.1560609340668,2.0986788272858,2.1450374126434,2.0608358383179,2.0865106582642,2.0733573436737,2.1188271045685,2.0350563526154,2.0593020915985,2.0800740718842,2.1038362979889,2.0786197185516,2.0205235481262,2.0292296409607,2.0380170345306,1.9884363412857,2.0147981643677,2.0562078952789,2.0336163043976,2.0490770339966,1.9537745714188,2.0263149738312,2.0516211986542,2.0461118221283,1.9932392835617,2.0328168869019,2.0176382064819,2.0722839832306,1.9888674020767,2.0650300979614,2.0969929695129,2.0576825141907,1.9880769252777,2.0459623336792,2.0129096508026,1.9947091341019,2.0230534076691,1.9891743659973,1.9853285551071,1.9875445365906,1.9866988658905,1.9894359111786,1.9560835361481,2.033305644989,2.0458328723907,1.9978164434433,1.9988037347794,2.0679538249969,1.9910162687302,2.0312728881836,1.9772394895554,1.9809778928757,1.9771336317062,2.0375566482544,1.9539115428925,1.9878305196762,2.0015816688538,2.0009272098541,1.9853368997574,2.0117092132568,2.0174283981323,2.0362818241119,1.9781274795532,2.0070753097534,1.922724366188,2.018194437027,1.974081993103,2.0566039085388,1.9470665454865,1.9512853622437,2.0368421077728,1.981166601181,1.9345051050186,1.9652081727982,1.9297767877579,1.9679373502731,1.9662470817566,2.0215718746185,1.9516654014587,1.9578728675842,1.9673805236816,2.0115065574646,1.9679191112518,1.9017095565796,1.9519743919373,1.9308611154556,1.970331788063,1.9072355031967,1.8577605485916,1.9367195367813,1.9756082296371,1.9270306825638,1.9546253681183,1.9540278911591,1.9192681312561,1.907731294632,1.9478838443756,1.943771481514,1.9817286729813,1.9509916305542,2.0394937992096,1.9080235958099,2.0021185874939,1.9856808185577,1.9348775148392,1.9004236459732,1.9189002513885,1.9225525856018,1.9281802177429,1.9664970636368,1.9797433614731,1.92458319664,1.9757556915283,1.9563872814178,1.9588007926941,1.9591348171234,1.9840550422668,1.9573323726654,1.9914358854294,