{"i":1000,"val_loss_history":[3.0724636882428],"val_loss_history_it":[1000],"forward_backward_times":{},"opt":{"max_epochs":2,"checkpoint_every":1000,"batch_size":50,"memory_benchmark":0,"init_from":"","grad_clip":5,"model_type":"rnn","lr_decay_every":5,"print_every":1,"wordvec_size":4,"seq_length":50,"input_json":"data\/yh.json","num_layers":2,"input_h5":"data\/yh.h5","reset_iterations":1,"rnn_size":4,"dropout":0,"checkpoint_name":"cv\/checkpoint","batchnorm":0,"learning_rate":0.002,"speed_benchmark":0,"gpu_backend":"cuda","lr_decay_factor":0.5,"gpu":-1},"train_loss_history":[4.7109041213989,4.7038836479187,4.694983959198,4.6893253326416,4.6774873733521,4.6762986183167,4.6745204925537,4.663423538208,4.6512689590454,4.6584010124207,4.6515507698059,4.6451869010925,4.6359424591064,4.6279916763306,4.6193151473999,4.6206703186035,4.6146554946899,4.6134371757507,4.5915665626526,4.5909781455994,4.5771493911743,4.5742020606995,4.5705881118774,4.5570282936096,4.5521354675293,4.5513219833374,4.5252575874329,4.5200304985046,4.5176620483398,4.4818778038025,4.4853720664978,4.4770817756653,4.4741797447205,4.4679560661316,4.4421863555908,4.4352688789368,4.4176607131958,4.4077787399292,4.3923850059509,4.389392375946,4.3599643707275,4.3450918197632,4.3523406982422,4.3132381439209,4.3070712089539,4.2907409667969,4.2821760177612,4.2605118751526,4.2383913993835,4.2149596214294,4.2149181365967,4.2033567428589,4.1990842819214,4.1615543365479,4.1470856666565,4.1396818161011,4.1079602241516,4.106831073761,4.0695309638977,4.0644278526306,4.0444045066833,4.0248603820801,4.0110602378845,4.0094814300537,3.9692430496216,3.9690370559692,3.9569172859192,3.9408133029938,3.9225258827209,3.9261426925659,3.8880360126495,3.8752789497375,3.8613460063934,3.8323278427124,3.8410251140594,3.8401057720184,3.8467328548431,3.7980101108551,3.8136122226715,3.8060977458954,3.7612299919128,3.7678260803223,3.746041059494,3.7470936775208,3.7330183982849,3.6975946426392,3.710253238678,3.7189445495605,3.7069363594055,3.7195229530334,3.7027215957642,3.6820161342621,3.6168961524963,3.6370449066162,3.6363606452942,3.6810715198517,3.6167464256287,3.6055686473846,3.5878772735596,3.6167278289795,3.6033465862274,3.5582284927368,3.5694410800934,3.5687172412872,3.5790667533875,3.5873870849609,3.5816481113434,3.5733070373535,3.5062344074249,3.5418620109558,3.5099234580994,3.5185401439667,3.564270734787,3.556848526001,3.5376846790314,3.548353433609,3.5482714176178,3.513947725296,3.5220937728882,3.5038118362427,3.502112865448,3.5038094520569,3.4622192382812,3.4841766357422,3.4483051300049,3.4310557842255,3.4952254295349,3.4268977642059,3.4196717739105,3.4016945362091,3.439263343811,3.4177715778351,3.4083671569824,3.4314410686493,3.4232792854309,3.3965351581573,3.4174830913544,3.4016907215118,3.4171462059021,3.4144747257233,3.4130215644836,3.4502866268158,3.4157795906067,3.3963570594788,3.3417437076569,3.3955438137054,3.3560695648193,3.3975877761841,3.4378309249878,3.3849773406982,3.3604745864868,3.3703844547272,3.3501489162445,3.3744964599609,3.353239774704,3.375185251236,3.3950061798096,3.3150153160095,3.3642749786377,3.3427555561066,3.3128561973572,3.3651347160339,3.3721811771393,3.3269875049591,3.3362598419189,3.3251929283142,3.3035094738007,3.3106422424316,3.3183059692383,3.3610820770264,3.3027930259705,3.3594262599945,3.3007917404175,3.3365187644958,3.3093008995056,3.3315019607544,3.3137483596802,3.3191959857941,3.3035290241241,3.3010444641113,3.3042378425598,3.3096480369568,3.2816331386566,3.2940573692322,3.3088684082031,3.3237249851227,3.3355114459991,3.286749124527,3.2902109622955,3.2972536087036,3.3363571166992,3.348160982132,3.2973120212555,3.2963893413544,3.3223958015442,3.3363020420074,3.2765707969666,3.2721352577209,3.239164352417,3.2521669864655,3.2701954841614,3.2674996852875,3.2769479751587,3.2569332122803,3.2652390003204,3.2587926387787,3.2643995285034,3.28635430336,3.2667534351349,3.251558303833,3.265465259552,3.2397520542145,3.2380912303925,3.229590177536,3.2620711326599,3.1949470043182,3.2861485481262,3.2183995246887,3.2589676380157,3.2176513671875,3.2906460762024,3.2521319389343,3.2494380474091,3.2600750923157,3.2354922294617,3.2429492473602,3.2594475746155,3.2184159755707,3.2530362606049,3.2122077941895,3.2265079021454,3.2061495780945,3.2056512832642,3.2383985519409,3.2264263629913,3.209171295166,3.2324020862579,3.2579567432404,3.2277956008911,3.1907153129578,3.248507976532,3.2432534694672,3.217324256897,3.2307124137878,3.2216801643372,3.1991720199585,3.2186341285706,3.2384746074677,3.1827602386475,3.2370088100433,3.2153389453888,3.2305397987366,3.180615901947,3.2246277332306,3.1863181591034,3.2177414894104,3.2304165363312,3.1932170391083,3.2090280056,3.2196753025055,3.1789109706879,3.2004852294922,3.2063353061676,3.1702432632446,3.196212053299,3.2109603881836,3.1954383850098,3.2705354690552,3.2202353477478,3.1699149608612,3.1801867485046,3.182941198349,3.2055983543396,3.218296289444,3.1515235900879,3.1683042049408,3.1479585170746,3.1881294250488,3.1850070953369,3.1846778392792,3.2262949943542,3.1963069438934,3.2559428215027,3.2399237155914,3.1847729682922,3.2276871204376,3.1708137989044,3.2142767906189,3.2145364284515,3.2048799991608,3.2419936656952,3.228414773941,3.1502630710602,3.1935758590698,3.1653661727905,3.2096936702728,3.1392347812653,3.3050606250763,3.184178352356,3.1354718208313,3.1661472320557,3.1304993629456,3.1609275341034,3.1827538013458,3.1476442813873,3.1734480857849,3.1666603088379,3.1291661262512,3.1489722728729,3.1678318977356,3.1641361713409,3.1332862377167,3.201141834259,3.1898775100708,3.1543951034546,3.1429183483124,3.1149089336395,3.134937286377,3.1315863132477,3.103875875473,3.1680324077606,3.2020325660706,3.1164395809174,3.1813962459564,3.1537845134735,3.1554780006409,3.1527197360992,3.2021772861481,3.1627712249756,3.1843163967133,3.1239311695099,3.1495909690857,3.2196805477142,3.1865236759186,3.1323404312134,3.2038552761078,3.1466083526611,3.1391334533691,3.2058441638947,3.1182863712311,3.15549659729,3.1372928619385,3.1475751399994,3.163526058197,3.2052154541016,3.2227218151093,3.1959795951843,3.1867022514343,3.1818671226501,3.1934063434601,3.1284928321838,3.1427209377289,3.1723113059998,3.1701862812042,3.1171815395355,3.1768038272858,3.1808180809021,3.1443240642548,3.1824374198914,3.1124336719513,3.1447424888611,3.1568903923035,3.0860893726349,3.1649541854858,3.2340757846832,3.1530702114105,3.1843061447144,3.1360244750977,3.1514847278595,3.1696689128876,3.2172741889954,3.1108644008636,3.1521928310394,3.1838791370392,3.1876525878906,3.1193225383759,3.2143623828888,3.1719386577606,3.2040419578552,3.1156959533691,3.1398601531982,3.1561722755432,3.1262857913971,3.1501200199127,3.1220541000366,3.1004641056061,3.1072933673859,3.1105270385742,3.1348972320557,3.1074244976044,3.2302331924438,3.1628093719482,3.1635541915894,3.1551532745361,3.2374498844147,3.1097946166992,3.15620470047,3.1516921520233,3.1011893749237,3.1291289329529,3.1983051300049,3.1346414089203,3.1892697811127,3.1444778442383,3.1499016284943,3.131294965744,3.1170425415039,3.1754915714264,3.1611797809601,3.1436488628387,3.1330878734589,3.1396110057831,3.1435294151306,3.1548075675964,3.1513817310333,3.1038556098938,3.1334578990936,3.2030591964722,3.1518769264221,3.1118538379669,3.1272051334381,3.0988435745239,3.1157073974609,3.1032721996307,3.1775250434875,3.1348087787628,3.1198160648346,3.1111574172974,3.1637029647827,3.1643154621124,3.0887939929962,3.1118946075439,3.1005349159241,3.1233928203583,3.113085269928,3.0998616218567,3.0906722545624,3.1259093284607,3.103134393692,3.1434290409088,3.1660256385803,3.1272048950195,3.10915184021,3.1407732963562,3.1191499233246,3.1850960254669,3.1453838348389,3.1887466907501,3.1187727451324,3.1967444419861,3.1196973323822,3.0922915935516,3.0871288776398,3.1115515232086,3.1733436584473,3.1240673065186,3.2166414260864,3.1201009750366,3.0985782146454,3.1361153125763,3.1410796642303,3.1427054405212,3.1457679271698,3.1645843982697,3.1753606796265,3.1906702518463,