{"i":1000,"val_loss_history":[2.7411301948807],"val_loss_history_it":[1000],"forward_backward_times":{},"opt":{"max_epochs":5,"checkpoint_every":1000,"batch_size":50,"memory_benchmark":0,"init_from":"","grad_clip":5,"model_type":"lstm","lr_decay_every":5,"print_every":1,"wordvec_size":4,"seq_length":50,"input_json":"data\/taltheking.json","num_layers":2,"input_h5":"data\/taltheking.h5","reset_iterations":1,"rnn_size":10,"dropout":0,"checkpoint_name":"cv\/taltheking","batchnorm":0,"learning_rate":0.002,"speed_benchmark":0,"gpu_backend":"cuda","lr_decay_factor":0.5,"gpu":-1},"train_loss_history":[4.2033143043518,4.2013936042786,4.1994242668152,4.190083026886,4.187816619873,4.1827750205994,4.1749897003174,4.1701908111572,4.1628432273865,4.1537642478943,4.1586799621582,4.1448736190796,4.1392498016357,4.1229295730591,4.1267914772034,4.107262134552,4.0989646911621,4.0849661827087,4.0780076980591,4.0573501586914,4.0377812385559,4.0431928634644,4.0035057067871,3.9846472740173,3.9718210697174,3.9475004673004,3.934356212616,3.9035930633545,3.873542547226,3.8767063617706,3.8310809135437,3.8224747180939,3.7791292667389,3.7654235363007,3.7385113239288,3.7493534088135,3.7266125679016,3.7264688014984,3.6810195446014,3.6496698856354,3.6248741149902,3.6297805309296,3.6284608840942,3.6160910129547,3.6045336723328,3.5850324630737,3.5447733402252,3.552077293396,3.5754187107086,3.5230464935303,3.4975936412811,3.4988307952881,3.5110065937042,3.4920082092285,3.4333746433258,3.4783828258514,3.4344272613525,3.4644024372101,3.4582011699677,3.3905985355377,3.4195210933685,3.4448993206024,3.3999524116516,3.4090933799744,3.3913581371307,3.4258577823639,3.3827695846558,3.4168901443481,3.3403253555298,3.4192230701447,3.4074327945709,3.3207859992981,3.3564512729645,3.371710062027,3.3549015522003,3.3300812244415,3.3853476047516,3.3434813022614,3.4228973388672,3.3612534999847,3.3403472900391,3.3731770515442,3.3019921779633,3.3334867954254,3.3904182910919,3.3684394359589,3.3549582958221,3.4046940803528,3.3248145580292,3.3448543548584,3.3391852378845,3.3252265453339,3.3079636096954,3.3672640323639,3.3458530902863,3.3457825183868,3.4283504486084,3.3383233547211,3.3390729427338,3.3335108757019,3.3830690383911,3.3370690345764,3.3307011127472,3.3886377811432,3.2990968227386,3.3008539676666,3.3573186397552,3.307776927948,3.3102695941925,3.2725014686584,3.3360817432404,3.3459026813507,3.334968328476,3.3274827003479,3.3198432922363,3.3651597499847,3.3499362468719,3.3362727165222,3.2932024002075,3.2619571685791,3.3159050941467,3.2900297641754,3.3412206172943,3.3354790210724,3.3512768745422,3.3155410289764,3.3409030437469,3.3307847976685,3.2626850605011,3.295072555542,3.295699596405,3.3340504169464,3.3409163951874,3.304603099823,3.290739774704,3.3545196056366,3.3975327014923,3.2931430339813,3.3516359329224,3.3057594299316,3.3593916893005,3.3426644802094,3.3923027515411,3.3472054004669,3.2784752845764,3.3300483226776,3.3295903205872,3.333046913147,3.3078148365021,3.3181641101837,3.3346610069275,3.3864738941193,3.3290567398071,3.349440574646,3.3971586227417,3.297990322113,3.3175168037415,3.3296461105347,3.3065612316132,3.3038454055786,3.2863039970398,3.2834112644196,3.3360776901245,3.2838106155396,3.2661023139954,3.3410379886627,3.2821004390717,3.3179831504822,3.2485368251801,3.2983057498932,3.2239882946014,3.2545695304871,3.2586727142334,3.265864610672,3.3348379135132,3.2876226902008,3.3485293388367,3.3259527683258,3.3379030227661,3.3072602748871,3.2848215103149,3.2697067260742,3.3305430412292,3.3573155403137,3.2189404964447,3.2823984622955,3.2389628887177,3.2851977348328,3.2889151573181,3.2665181159973,3.3009979724884,3.2784428596497,3.2642076015472,3.2659401893616,3.3075821399689,3.3183863162994,3.3045680522919,3.2798457145691,3.234671831131,3.3701827526093,3.3156702518463,3.293205499649,3.2588446140289,3.3438491821289,3.2947192192078,3.2883520126343,3.3671231269836,3.3147077560425,3.2854945659637,3.3619058132172,3.2873039245605,3.2880766391754,3.3120715618134,3.3566424846649,3.3584651947021,3.3720395565033,3.3302829265594,3.3833038806915,3.3724813461304,3.3889722824097,3.306991815567,3.3143632411957,3.2661559581757,3.2814807891846,3.2682161331177,3.3440964221954,3.3200268745422,3.3372051715851,3.2551436424255,3.303991317749,3.3014636039734,3.3756558895111,3.2592239379883,3.2984530925751,3.314989566803,3.2846827507019,3.2900145053864,3.3747296333313,3.2780792713165,3.2750177383423,3.2928531169891,3.3468399047852,3.2592704296112,3.2719683647156,3.3212718963623,3.2626452445984,3.3171639442444,3.2779493331909,3.3404784202576,3.2923398017883,3.2751870155334,3.3185062408447,3.287674665451,3.3025164604187,3.2880442142487,3.3048655986786,3.3333706855774,3.3065440654755,3.2517108917236,3.2996995449066,3.3584542274475,3.2499160766602,3.2753236293793,3.235072851181,3.2541520595551,3.2728052139282,3.2675974369049,3.3427858352661,3.330650806427,3.2586760520935,3.3358149528503,3.2241406440735,3.2847409248352,3.2646024227142,3.3199894428253,3.2924418449402,3.2874999046326,3.2886972427368,3.282411813736,3.2912366390228,3.329229593277,3.3037991523743,3.264538526535,3.3302898406982,3.2486267089844,3.2284505367279,3.2764563560486,3.2412512302399,3.2488160133362,3.2867324352264,3.2738521099091,3.2475142478943,3.2033052444458,3.298154592514,3.2151660919189,3.2389512062073,3.2223784923553,3.2592010498047,3.2841327190399,3.2024040222168,3.2623879909515,3.275181055069,3.2599787712097,3.2128574848175,3.2583045959473,3.1999850273132,3.2725021839142,3.3032784461975,3.2390763759613,3.2563917636871,3.2564461231232,3.2400107383728,3.3223440647125,3.3057856559753,3.2638673782349,3.2811231613159,3.2215597629547,3.2598474025726,3.2339897155762,3.2807273864746,3.2436335086823,3.268251657486,3.2030527591705,3.2511985301971,3.259069442749,3.2793581485748,3.2292716503143,3.2408864498138,3.2495954036713,3.2414212226868,3.2660932540894,3.1899354457855,3.2426159381866,3.2304487228394,3.1870515346527,3.2117481231689,3.2017917633057,3.238183259964,3.2121891975403,3.1644601821899,3.1779413223267,3.1997692584991,3.2378206253052,3.2276151180267,3.1903836727142,3.197172164917,3.1745760440826,3.1939108371735,3.2678933143616,3.1875157356262,3.1384239196777,3.2016189098358,3.181755065918,3.1796588897705,3.2067756652832,3.2806160449982,3.2651190757751,3.2041957378387,3.168505191803,3.2086441516876,3.1815371513367,3.2006375789642,3.1773653030396,3.2227637767792,3.1712069511414,3.2032804489136,3.20303606987,3.1532385349274,3.2091319561005,3.1511027812958,3.1731386184692,3.1686651706696,3.1573934555054,3.148946762085,3.1257612705231,3.149017572403,3.1488225460052,3.1991164684296,3.1704013347626,3.1638231277466,3.1945674419403,3.1452062129974,3.1779913902283,3.1706018447876,3.114166021347,3.1648991107941,3.1250553131104,3.1516108512878,3.0917401313782,3.1327087879181,3.1145317554474,3.1736752986908,3.1502151489258,3.1710970401764,3.1345934867859,3.1012723445892,3.097953081131,3.1059958934784,3.1528010368347,3.1302175521851,3.1548924446106,3.1367816925049,3.1284382343292,3.1410911083221,3.1687467098236,3.1289954185486,3.094562292099,3.1048867702484,3.1468758583069,3.1384077072144,3.059947013855,3.1259760856628,3.099289894104,3.1327157020569,3.1352574825287,3.0903551578522,3.1123232841492,3.1088161468506,3.0924816131592,3.1070206165314,3.0916271209717,3.1201858520508,3.0983908176422,3.1342694759369,3.0747323036194,3.1381859779358,3.1402497291565,3.0576691627502,3.0796797275543,3.1072330474854,3.0949003696442,3.080019235611,3.1270956993103,3.0781409740448,3.1596531867981,3.0917530059814,3.0961103439331,3.1130194664001,3.0710432529449,3.090564250946,3.145444393158,3.1420032978058,3.0934019088745,3.1390211582184,3.0943601131439,3.094158411026,3.0966022014618,3.1094870567322,3.0672397613525,3.1002905368805,3.1114778518677,3.1141529083252,3.1469511985779,3.0813307762146,3.0954043865204,3.0905995368958,3.1083135604858,3.0741233825684,3.0759530067444,3.1245827674866,3.0621662139893,3.0659725666046,3.11013007164,3.0561826229095,3.0579636096954,