{"i":356,"val_loss_history":[2.0049813606522],"val_loss_history_it":[356],"forward_backward_times":{},"opt":{"max_epochs":1,"checkpoint_every":1000,"batch_size":50,"memory_benchmark":0,"init_from":"","grad_clip":5,"model_type":"lstm","lr_decay_every":5,"print_every":1,"wordvec_size":64,"seq_length":50,"input_json":"data\/TextUnifierDemo.json","num_layers":2,"input_h5":"data\/TextUnifierDemo.h5","reset_iterations":1,"rnn_size":128,"dropout":0,"checkpoint_name":"cv\/TextUnifierDemo","batchnorm":0,"learning_rate":0.002,"speed_benchmark":0,"gpu_backend":"cuda","lr_decay_factor":0.5,"gpu":-1},"train_loss_history":[4.170599937439,4.0578808784485,3.9002749919891,3.7296006679535,3.5744059085846,3.4927022457123,3.4090421199799,3.4381473064423,3.3641374111176,3.3947606086731,3.3897292613983,3.3238949775696,3.3982467651367,3.3207218647003,3.3265538215637,3.3139555454254,3.2776308059692,3.2901999950409,3.2564029693604,3.2926371097565,3.2800793647766,3.337287902832,3.3052394390106,3.2860789299011,3.3224778175354,3.2507984638214,3.2928230762482,3.2670722007751,3.2112202644348,3.2649309635162,3.1954734325409,3.2200071811676,3.1328129768372,3.1761157512665,3.1402182579041,3.2001211643219,3.1653439998627,3.176958322525,3.1156561374664,3.0719609260559,3.0433464050293,3.0412545204163,3.082014799118,3.0427331924438,3.0768563747406,3.0313694477081,2.9925351142883,2.9992892742157,3.0100226402283,2.9497046470642,2.8981988430023,2.907151222229,2.9296064376831,2.9016134738922,2.7994337081909,2.8539600372314,2.8207149505615,2.8376739025116,2.8257293701172,2.7836771011353,2.8029522895813,2.7591795921326,2.7393367290497,2.7610247135162,2.7020344734192,2.7291479110718,2.715425491333,2.716964006424,2.6760778427124,2.7166736125946,2.6991817951202,2.6197111606598,2.6040098667145,2.6271252632141,2.6041483879089,2.5774190425873,2.6112880706787,2.5550274848938,2.6315298080444,2.5753924846649,2.5709664821625,2.5563750267029,2.5398635864258,2.5451836585999,2.5737061500549,2.5731930732727,2.4954795837402,2.5588207244873,2.5050616264343,2.5082819461823,2.4896383285522,2.509758234024,2.450820684433,2.474066734314,2.492830991745,2.4963440895081,2.5105698108673,2.4078485965729,2.4558074474335,2.4654502868652,2.4472448825836,2.4333906173706,2.3958117961884,2.4407844543457,2.3987329006195,2.4394545555115,2.448380947113,2.3503613471985,2.3537862300873,2.3783915042877,2.38245677948,2.4455673694611,2.4288668632507,2.3692824840546,2.4104928970337,2.3645696640015,2.4456038475037,2.3401868343353,2.362628698349,2.3477368354797,2.3412313461304,2.3403351306915,2.3563826084137,2.3642573356628,2.3753786087036,2.3390281200409,2.3420760631561,2.3484578132629,2.316689491272,2.3013892173767,2.3160765171051,2.3190011978149,2.3396730422974,2.3041987419128,2.2941541671753,2.332257270813,2.3227906227112,2.3059952259064,2.3084878921509,2.291921377182,2.3203635215759,2.3213665485382,2.3718910217285,2.3231265544891,2.2478573322296,2.3086922168732,2.2559721469879,2.3016541004181,2.3123285770416,2.2851982116699,2.2741370201111,2.2851092815399,2.2794907093048,2.2892422676086,2.2647807598114,2.276035785675,2.25359582901,2.249849319458,2.2699220180511,2.281578540802,2.275025844574,2.2882528305054,2.2474229335785,2.2571346759796,2.1929914951324,2.2355778217316,2.2222175598145,2.2316727638245,2.2207434177399,2.1991944313049,2.2299470901489,2.2033338546753,2.2570896148682,2.233567237854,2.2529420852661,2.2387382984161,2.216413974762,2.1918592453003,2.2311282157898,2.1943538188934,2.1996264457703,2.2244651317596,2.1842846870422,2.1974108219147,2.1480479240417,2.1588871479034,2.1658453941345,2.1886389255524,2.1753153800964,2.2007970809937,2.1997053623199,2.1911840438843,2.1951706409454,2.1348950862885,2.168826341629,2.1607382297516,2.1756072044373,2.1577515602112,2.1014895439148,2.160186290741,2.1147267818451,2.1257328987122,2.1113569736481,2.2120800018311,2.1246631145477,2.1680059432983,2.1908824443817,2.1032137870789,2.1247792243958,2.158401966095,2.1449625492096,2.1012749671936,2.1018302440643,2.1002135276794,2.1547887325287,2.1717009544373,2.1258819103241,2.1189498901367,2.1770226955414,2.1867303848267,2.1484749317169,2.053866147995,2.1300749778748,2.0915334224701,2.1035158634186,2.1019835472107,2.1793985366821,2.1315474510193,2.0880002975464,2.1139872074127,2.0935025215149,2.1137475967407,2.0597121715546,2.1067621707916,2.0980730056763,2.0742049217224,2.0773618221283,2.0855162143707,2.0515761375427,2.0852456092834,2.0653145313263,2.0554628372192,2.0839269161224,2.0360894203186,2.1170217990875,2.0602784156799,2.0862913131714,2.0581750869751,2.0864408016205,2.0931222438812,2.1383149623871,2.1114151477814,2.0829923152924,2.0665898323059,2.0920922756195,2.0753166675568,2.0659558773041,2.0787971019745,2.0667695999146,2.0630447864532,2.0610475540161,2.0843040943146,2.0925948619843,2.0059733390808,2.0892469882965,2.041038274765,2.0340871810913,2.0627377033234,2.0449757575989,2.0566663742065,2.0352046489716,2.0667405128479,2.0718784332275,2.0339803695679,2.0688729286194,2.0575032234192,2.0431091785431,2.0451610088348,2.0248792171478,2.0332944393158,2.0131769180298,2.0280265808105,2.0200839042664,2.0493001937866,2.0234999656677,2.0386822223663,2.025554895401,2.0195717811584,2.0254218578339,2.0395460128784,2.0188534259796,1.9949558973312,1.9715334177017,2.0194909572601,2.0411849021912,1.9809566736221,2.0074825286865,1.9689853191376,2.0871663093567,1.996079325676,2.0414414405823,2.0287718772888,1.9847191572189,1.9845622777939,2.0649857521057,2.0338892936707,2.041469335556,2.0368118286133,2.00736784935,2.003954410553,1.992908000946,1.9912397861481,1.9911873340607,1.9742498397827,1.9585180282593,1.9808919429779,2.0177428722382,1.9938824176788,2.0053100585938,2.0207023620605,1.990623831749,2.015084028244,1.9852567911148,1.9523041248322,2.0129625797272,2.0085713863373,1.9902726411819,1.969819188118,1.9563117027283,1.962958574295,2.0141592025757,1.9788739681244,2.038759469986,1.9962738752365,1.975071310997,1.9861128330231,1.9581968784332,2.0223047733307,1.9359666109085,1.9551175832748,1.9977910518646,1.944445848465,1.9357939958572,2.0214624404907,1.9476101398468,2.0442888736725,1.9543600082397,1.9720424413681,1.9711549282074,1.9623980522156,1.9550279378891,1.950843334198,1.9542590379715,1.9845670461655,1.9601258039474,2.0356373786926],"memory_usage":{}}