{"i":1000,"val_loss_history":[1.7352366288503],"val_loss_history_it":[1000],"forward_backward_times":{},"opt":{"max_epochs":10,"checkpoint_every":1000,"batch_size":50,"memory_benchmark":0,"init_from":"","grad_clip":5,"model_type":"lstm","lr_decay_every":5,"print_every":1,"wordvec_size":64,"seq_length":50,"input_json":"data\/ShakspeareAzz.json","num_layers":2,"input_h5":"data\/ShakspeareAzz.h5","reset_iterations":1,"rnn_size":128,"dropout":0,"checkpoint_name":"cv\/checkpoint","batchnorm":0,"learning_rate":0.002,"speed_benchmark":0,"gpu_backend":"cuda","lr_decay_factor":0.5,"gpu":-1},"train_loss_history":[4.389720916748,4.295138835907,4.1638088226318,3.9688656330109,3.7618997097015,3.6391131877899,3.5475749969482,3.5048723220825,3.3951301574707,3.4042110443115,3.3493258953094,3.3756239414215,3.3376042842865,3.3424558639526,3.3440527915955,3.3732903003693,3.3029737472534,3.3327589035034,3.3169543743134,3.3099746704102,3.3113899230957,3.3267550468445,3.2833559513092,3.2555072307587,3.252858877182,3.3116824626923,3.2303926944733,3.223477602005,3.2158679962158,3.2198395729065,3.2527763843536,3.1843626499176,3.1800787448883,3.1925835609436,3.1493682861328,3.1401753425598,3.1288030147552,3.1391496658325,3.1136066913605,3.0643515586853,3.0579788684845,3.0351729393005,3.0860884189606,3.0668170452118,3.0046908855438,3.0061459541321,3.0203261375427,3.0123705863953,2.9758369922638,2.903820514679,2.9009785652161,2.8725397586823,2.9027969837189,2.8697936534882,2.8899035453796,2.8353869915009,2.8440539836884,2.810271024704,2.8065028190613,2.7728385925293,2.7351694107056,2.7457954883575,2.7511637210846,2.7423379421234,2.7323746681213,2.7210698127747,2.6538200378418,2.7009634971619,2.7155833244324,2.6718361377716,2.6071472167969,2.64102602005,2.6277551651001,2.6069107055664,2.5944509506226,2.5844564437866,2.5918171405792,2.5606510639191,2.5911364555359,2.5452482700348,2.5623474121094,2.5120224952698,2.5528874397278,2.5477242469788,2.5227382183075,2.5414216518402,2.4909679889679,2.4939591884613,2.5021350383759,2.4719085693359,2.4564189910889,2.4614531993866,2.4453291893005,2.401424407959,2.4286630153656,2.3554651737213,2.4356336593628,2.4554512500763,2.3715555667877,2.4062588214874,2.3761427402496,2.39430809021,2.3848307132721,2.4334239959717,2.4054641723633,2.4155852794647,2.344920873642,2.3963415622711,2.3446426391602,2.3491237163544,2.3565809726715,2.3653450012207,2.3311588764191,2.3595712184906,2.3536489009857,2.3239467144012,2.305792093277,2.329240322113,2.3140506744385,2.3093147277832,2.3138432502747,2.3454389572144,2.3061451911926,2.3013322353363,2.312399148941,2.2589037418365,2.3112211227417,2.2954170703888,2.2696852684021,2.2976081371307,2.324449300766,2.3186948299408,2.2584323883057,2.2505853176117,2.2468280792236,2.2286806106567,2.2521042823792,2.3081223964691,2.1992673873901,2.2350041866302,2.2176740169525,2.2702357769012,2.2412576675415,2.2268419265747,2.2386009693146,2.2585160732269,2.1893348693848,2.1848516464233,2.2091851234436,2.2427189350128,2.1677305698395,2.2036063671112,2.2152841091156,2.2114367485046,2.1968228816986,2.2696921825409,2.2149958610535,2.2001428604126,2.2026298046112,2.2054426670074,2.2162022590637,2.2349524497986,2.2634363174438,2.2151660919189,2.2245202064514,2.1986544132233,2.2060232162476,2.2180113792419,2.1662359237671,2.231781244278,2.1472811698914,2.2366843223572,2.2068204879761,2.1810283660889,2.1955044269562,2.2170038223267,2.1529355049133,2.1774551868439,2.1864058971405,2.1712672710419,2.1714980602264,2.2019944190979,2.1650493144989,2.1412088871002,2.167537689209,2.1440212726593,2.1749107837677,2.1311938762665,2.191059589386,2.1233296394348,2.1709022521973,2.1410534381866,2.1623368263245,2.150767326355,2.1126115322113,2.1802909374237,2.0839931964874,2.1236989498138,2.1129932403564,2.1300683021545,2.1221396923065,2.1373674869537,2.1266317367554,2.1900305747986,2.1276113986969,2.090701341629,2.103542804718,2.1051797866821,2.1100685596466,2.0791153907776,2.1546785831451,2.115505695343,2.1084885597229,2.124781370163,2.1354165077209,2.1170079708099,2.1017074584961,2.1083118915558,2.0903499126434,2.1316723823547,2.0852448940277,2.1233019828796,2.117965221405,2.1527397632599,2.0927541255951,2.1175553798676,2.0360825061798,2.0250248908997,2.0806334018707,2.0537550449371,2.0202040672302,2.1355009078979,2.0951030254364,2.0545721054077,2.0504682064056,2.1160697937012,2.0064616203308,2.0494260787964,2.0657565593719,2.027204990387,2.0454246997833,2.0578329563141,2.0880892276764,2.0559315681458,2.0557651519775,1.9874745607376,2.0914421081543,2.0908052921295,2.0867891311646,2.0719995498657,2.0637459754944,2.0406222343445,2.0369749069214,2.0378658771515,2.0216641426086,2.0458359718323,2.0308353900909,2.008314371109,2.0666744709015,2.0050492286682,2.0824866294861,1.9866832494736,2.0500807762146,2.0445630550385,1.9543107748032,2.0526516437531,2.0430707931519,2.0490629673004,2.0588271617889,2.0126194953918,2.062460899353,2.0239615440369,2.0388114452362,1.9999051094055,2.0021357536316,2.0241446495056,2.0133144855499,2.0214018821716,2.0585610866547,2.0015799999237,1.9862904548645,2.0074951648712,1.9917396306992,1.9826564788818,2.0234229564667,2.0891449451447,2.0095381736755,2.0264294147491,2.0226495265961,2.0148658752441,1.9722698926926,1.9902447462082,2.0130784511566,1.9962810277939,1.976399064064,1.9608465433121,1.9965304136276,1.9930077791214,1.9677634239197,1.9847819805145,1.9698849916458,2.0308434963226,1.9816826581955,2.0000665187836,1.9372712373734,1.9831916093826,1.9671441316605,2.0072901248932,1.9671808481216,1.974795460701,1.9808609485626,1.966503739357,1.9825885295868,1.9857456684113,1.9755326509476,2.0240640640259,2.0121188163757,1.9602099657059,1.9490025043488,1.969649553299,1.9507910013199,2.0321385860443,1.9276119470596,1.9845621585846,1.9771900177002,1.9346752166748,1.9793337583542,1.9348621368408,1.9714790582657,1.9111958742142,1.9640427827835,1.9226927757263,1.9397484064102,1.9546751976013,1.9736148118973,1.9148368835449,2.0088775157928,1.9365059137344,1.9411404132843,1.957456111908,1.9120053052902,1.9594531059265,1.9576429128647,1.9966065883636,1.9344879388809,1.9112313985825,1.9639097452164,1.971379160881,1.9270476102829,1.9412376880646,1.9600968360901,1.930481672287,1.9814920425415,1.9447920322418,1.9596922397614,1.95085978508,1.9478044509888,1.9482904672623,1.9584205150604,1.9228919744492,1.9140211343765,1.9151803255081,1.9349673986435,2.0218305587769,1.9231910705566,1.9734823703766,1.9238630533218,1.92893242836,1.9185916185379,1.9183346033096,1.9297585487366,1.9382947683334,1.91732442379,1.9410437345505,1.9018652439117,1.909739613533,1.9090267419815,1.8693710565567,1.9014328718185,1.9042906761169,1.947555065155,1.9304866790771,1.8911044597626,1.8955394029617,1.8792445659637,1.863708615303,1.8555834293365,1.8716410398483,1.8987437486649,1.8939248323441,1.9312613010406,1.8847653865814,1.9714419841766,1.9319655895233,1.8976570367813,1.8958586454391,1.9203091859818,1.9149423837662,1.9179691076279,1.8913521766663,1.8587867021561,1.8383278846741,1.9113656282425,1.9011006355286,1.8973724842072,1.8699036836624,1.904755115509,1.8477602005005,1.9305955171585,1.9094990491867,1.9020093679428,1.8311452865601,1.8633791208267,1.9037923812866,1.886638045311,1.8585608005524,1.8446577787399,1.9200472831726,1.887833237648,1.912735581398,1.8495126962662,1.8352496623993,1.8824076652527,1.9155747890472,1.8412008285522,1.8211951255798,1.898118019104,1.8844758272171,1.8602013587952,1.9256032705307,1.8510825634003,1.851729631424,1.876503944397,1.8819558620453,1.906662106514,1.9025239944458,1.8870956897736,1.8706320524216,1.8591570854187,1.8235199451447,1.8941032886505,1.8572217226028,1.8168315887451,1.8458368778229,1.8063591718674,1.8322787284851,1.8309396505356,1.7955359220505,1.8922338485718,1.8158160448074,1.8699467182159,1.8226504325867,1.8151607513428,1.8557949066162,1.7976050376892,1.8629325628281,1.819335103035,1.850749373436,1.8363966941833,1.8155980110168,1.8110122680664,1.8474225997925,1.8386249542236,1.8439782857895,1.8804126977921,